batch,date,personKey,method,methodDetails,amount,fund,notes
1,2020-6-28,1,Cash,,150,General Fund,
1,2020-6-28,,Cash,,100,General Fund,
1,2020-6-28,2,Check,101,250,Van Fund,
1,2020-6-28,2,Check,101,250,General Fund,
1,2020-6-28,3,Card,1234,400,General Fund,
1,2020-6-28,4,Cash,,50,Van Fund,
1,2020-6-28,5,Check,543,200,General Fund,
1,2020-6-28,6,Cash,,80,General Fund,
2,2020-7-5,5,Cash,,150,General Fund,
2,2020-7-5,6,Cash,,100,General Fund,
2,2020-7-5,7,Check,256,250,Van Fund,
2,2020-7-5,8,Check,382,250,General Fund,
2,2020-7-5,3,Card,1234,400,General Fund,
2,2020-7-5,10,Cash,,500,Van Fund,In memory of Sue Smith
2,2020-7-5,11,Check,543,200,General Fund,
2,2020-7-5,12,Cash,,80,General Fund,
